{"r2": 0.6579261642933811, "mae": 3366554.716279534}