{"r2": 0.6594843097829246, "mae": 3457741.5159412087}