{"r2": 0.5550803984020651, "mae": 4203255.165415157}