{"r2": 0.6546088844815794, "mae": 3475445.93730073}